{
 "tag": "n17_rotated_twostage",
 "n": 17,
 "best_raw_sum": 4.00000000002331,
 "best_certified_sum": 3.9999999996070854,
 "ld_margin": -2.2899598883796557e-11,
 "max_abs_theta_mod90": 4.440892098500626e-15,
 "best_cfg": {
  "cx": [
   0.6441466769699169,
   0.10014241095913105,
   0.09978638410463521,
   0.6854213826200162,
   0.38707947008488575,
   0.10014241051891264,
   0.8976938951383637,
   0.6620520752517466,
   0.6839772698819162,
   0.36529887051379434,
   0.8972547336647384,
   0.8968956169046167,
   0.3477640714440688,
   0.099786384104634,
   0.10014241095913111,
   0.8976938950986805,
   0.881876120740683
  ],
  "cy": [
   0.1481913019282558,
   0.49928794737767396,
   0.2993591523139116,
   0.6698273168224748,
   0.8132053518303335,
   0.89985759012753,
   0.6922033624681082,
   0.42812175999117735,
   0.889896858748304,
   0.4613966550651355,
   0.8972547336648277,
   0.2821806647093881,
   0.14819130323479957,
   0.09978638410464571,
   0.6995727692959336,
   0.4875911527056623,
   0.08953814080700365
  ],
  "th": [
   -3.141592653589793,
   3.141592653589793,
   -3.1415926535897927,
   -3.141592653589793,
   -3.141592653589793,
   -3.1415926535897927,
   3.1415926535897922,
   -3.141592653589793,
   -3.141592653589793,
   -3.1415926535897927,
   -3.1415926535897887,
   -3.141592653589793,
   -3.141592653589793,
   3.1415926535897913,
   -3.141592653589793,
   -3.1415926535897927,
   3.141592653589793
  ],
  "s": [
   0.29638260385651166,
   0.20028482191826125,
   0.19957276820926564,
   0.21993280139323898,
   0.37358929633933224,
   0.20028481974493578,
   0.20461220972310987,
   0.2634783122693294,
   0.22020628250421878,
   0.33002809719107074,
   0.20549053267034612,
   0.20620876619076695,
   0.2963826064696015,
   0.19957276820926897,
   0.20028482191826125,
   0.2046122098017822,
   0.1790762816140089
  ]
 }
}