{
 "tag": "one_square_45deg",
 "n": 10,
 "best_raw_sum": 2.98093634196543,
 "best_certified_sum": 2.980936329975426,
 "ld_margin": -1.3407423504752103e-09,
 "s_of_45deg_square": 0.0803195395623958,
 "best_cfg": {
  "cx": [
   0.2765389245425838,
   0.16666670805295258,
   0.49999988605294493,
   0.5000000539531477,
   0.5000000596650057,
   0.8333333005416442,
   0.8333333465656787,
   0.8333333507288333,
   0.16542778547447806,
   0.1666665853065755
  ],
  "cy": [
   0.6098720928049978,
   0.8333332919451015,
   0.16666671670567862,
   0.5000000724669236,
   0.8333333555693967,
   0.1666666994581741,
   0.5000000506698524,
   0.8333333507284933,
   0.49876095596158676,
   0.16666658530477166
  ],
  "th": [
   0.7853981633974483,
   -1.0137674480815132e-11,
   1.5707963226934611,
   -8.272297897448247e-09,
   -5.441528221021065e-09,
   -1.931570672737562e-09,
   1.570796322748101,
   -5.471409978740013e-09,
   0.7853981610496485,
   -7.487007495466811e-10
  ],
  "s": [
   0.0803195395623958,
   0.3333334161031175,
   0.33333343192296494,
   0.3333332784640207,
   0.3333332870970423,
   0.3333333983134469,
   0.33333330553004964,
   0.3333332967938455,
   0.23395021781127592,
   0.3333331703672713
  ]
 }
}